[{
    "Key": "Default",
    "Supports": [
        "client",
        "attachmentscontext",
        "databasecontext",
        "databasescontext",
        "changescontext",
        "documentscontext",
        "entitiescontext",
        "queriescontext",
        "viewscontext",
        "listscontext",
        "showscontext",
        "mycouchstore",
        "createdbs",
        "deletedbs",
        "compactdbs",
        "viewcleanup",
        "replication"],
    "ServerUrl": "http://192.168.2.20:5984",
    "PrimaryDbName": "mycouchtests_pri",
    "SecondaryDbName": "mycouchtests_sec",
    "TempDbName": "mycouchtests_tmp",
    "User":"mycouch_tester",
    "Password":"p@ssword"
}]